{
	"dataset": {
		"dataset.id": 5526,
		"dataset.name": "01_sou_001106_005526_front_03-2onepiece(jumpsuite)_woman",
		"dataset.image_path": "./008.의류 통합 데이터(3-1)/원천데이터/상품/하의/onepiece(jumpsuite)/01_sou_001106_005526_front_03-2onepiece(jumpsuite)_woman.jpg",
		"dataset.label_path": "./008.의류 통합 데이터(3-1)/라벨링데이터/상품/하의/onepiece(jumpsuite)/01_sou_001106_005526_front_03-2onepiece(jumpsuite)_woman.json",
		"dataset.category": 11,
		"dataset.type": 1,
		"dataset.width": 810,
		"dataset.height": 1080,
		"dataset.file_size": 66874
	},
	"annotation": [
		{
			"annotation_type": "Polygon",
			"annotation_id": 1,
			"annotation_point_count": 100.0,
			"annotation_point": [
				327.0,
				154.0,
				323.0,
				299.0,
				321.10000000000036,
				306.10000000000036,
				280.0,
				301.0,
				249.0,
				371.0,
				240.0,
				405.0,
				225.0,
				515.0,
				147.0,
				836.0,
				134.0,
				922.9000000000015,
				212.70000000000073,
				947.5,
				318.5,
				962.5,
				328.0,
				905.9000000000015,
				362.5,
				781.7000000000007,
				380.0,
				706.0,
				406.0,
				643.0,
				443.0,
				747.0,
				458.0,
				804.0,
				478.0,
				848.0,
				489.0,
				906.0,
				508.7000000000007,
				953.9000000000015,
				582.2000000000007,
				938.5,
				684.2000000000007,
				914.5,
				558.0,
				445.60000000000036,
				500.0,
				307.0,
				467.0,
				304.0,
				462.60000000000036,
				293.5,
				450.01977378253105,
				213.65600704567805,
				455.3604764291631,
				163.53818201015383,
				455.3604764291631,
				158.6670350731274,
				455.3604764291631,
				156.2314616046151,
				455.08985715488416,
				154.06650741037993,
				454.68392824346483,
				151.90155321614657,
				454.5486186063263,
				149.60128938477283,
				454.5486186063263,
				147.16571591626052,
				454.4133089691859,
				145.13607135916573,
				453.872070420628,
				142.70049789065342,
				453.4661415092087,
				140.67085333355863,
				452.9249029606508,
				138.64120877646383,
				452.9249029606508,
				136.20563530795152,
				453.19552223492974,
				134.17599075085673,
				452.65428368637185,
				130.3873209109479,
				452.3836644120929,
				128.22236671671453,
				452.3836644120929,
				125.3808643367829,
				452.3836644120929,
				123.62183905396705,
				452.3836644120929,
				121.72750413401263,
				452.5189740492315,
				119.4272403026389,
				452.3836644120929,
				117.9388342941038,
				452.11304513781215,
				117.66821501982304,
				449.9480909435788,
				117.3975957455441,
				447.64782711220505,
				117.26228610840553,
				445.75349219225063,
				116.99166683412659,
				443.31791872373833,
				116.99166683412659,
				440.8823452552242,
				116.99166683412659,
				438.3114621495715,
				116.85635719698621,
				436.14650795533817,
				116.72104755984583,
				433.71093448682586,
				116.72104755984583,
				431.68128992973107,
				116.72104755984583,
				428.83978754979944,
				116.72104755984583,
				426.945452629845,
				116.72104755984583,
				424.6451887984713,
				116.72104755984583,
				422.20961532995716,
				116.85635719698621,
				420.4505900471431,
				118.3447632055213,
				420.4505900471431,
				119.96847885119678,
				420.1796875,
				120.103515625,
				418.9621840386062,
				122.53936195684946,
				415.60000000000036,
				130.3000000000011,
				393.0,
				241.0,
				382.0,
				222.8000000000011,
				370.6200000000026,
				179.7300000000032,
				360.8000000000029,
				131.74000000000342,
				360.70000000000255,
				130.14000000000306,
				360.20000000000255,
				128.5400000000027,
				360.00000000000364,
				126.94000000000233,
				359.70000000000255,
				125.14000000000306,
				359.3000000000029,
				123.54000000000269,
				358.70000000000255,
				121.54000000000269,
				358.50000000000364,
				120.14000000000306,
				358.20000000000255,
				118.44000000000233,
				357.9000000000033,
				117.34000000000196,
				357.6000000000022,
				115.74000000000342,
				356.3000000000029,
				114.84000000000196,
				354.8000000000029,
				114.34000000000196,
				353.20000000000255,
				114.14000000000306,
				351.6000000000022,
				114.04000000000269,
				349.9000000000033,
				114.04000000000269,
				348.00000000000364,
				114.04000000000269,
				346.1000000000022,
				114.04000000000269,
				344.6000000000022,
				114.14000000000306,
				342.70000000000255,
				114.34000000000196,
				340.3000000000029,
				114.74000000000342,
				338.70000000000255,
				114.94000000000233,
				337.00000000000364,
				114.94000000000233,
				335.3000000000029,
				115.14000000000306,
				333.8000000000029,
				115.74000000000342,
				332.1000000000022,
				115.84000000000196,
				329.8000000000029,
				116.24000000000342,
				328.50000000000364,
				116.54000000000269,
				326.50000000000364,
				116.74000000000342,
				324.1000000000022,
				116.74000000000342,
				323.0,
				116.83984375
			]
		}
	],
	"metadata.model": {
		"metadata.model.gender": "FEMALE",
		"metadata.model.age": "30대",
		"metadata.model.job": "homemaker",
		"metadata.model.type": "front",
		"metadata.model.usually_size": "S",
		"metadata.model.body_height": "162",
		"metadata.model.waist_height": "98",
		"metadata.model.chest_size_male": "null",
		"metadata.model.breast_size_female": "84.0",
		"metadata.model.waist_size": "66",
		"metadata.model.hip_seize": "87",
		"metadata.model.back_length": "45",
		"metadata.model.shoulders_width": "39",
		"metadata.model.arm_length": "50",
		"metadata.model.weight": "48"
	},
	"metadata.clothes": {
		"metadata.clothes.type": "03-2onepiece(jumpsuite)",
		"metadata.clothes.season": "spring&fall",
		"metadata.clothes.fiber_composition": "Polyester",
		"metadata.clothes.elasticity": "none at all",
		"metadata.clothes.transparency": "contain",
		"metadata.clothes.isfleece": "fleece_none",
		"metadata.clothes.color": "Black",
		"metadata.clothes.washing_method": "Washing30",
		"metadata.clothes.bleach": "Do not chlorine bleach",
		"metadata.clothes.ironing": "Ironing 80~120℃ : Place a cloth between the iron and textile",
		"metadata.clothes.drycleaning": "none",
		"metadata.clothes.wringing": "none",
		"metadata.clothes.drying": "Drip dry in shade",
		"metadata.clothes.top_length_type": "long",
		"metadata.clothes.sleeve_length_type": "short sleeves",
		"metadata.clothes.topneck_color_design": "V-neck",
		"metadata.clothes.topsleeve_design": "basic sleeve",
		"metadata.clothes.pants_silhouette": "null",
		"metadata.clothes.skirt_design": "null",
		"metadata.top.front_length": "null",
		"metadata.top.chest_size": "null",
		"metadata.top.waist_size": "null",
		"metadata.top.hem_size": "null",
		"metadata.top.shoulder_width": "null",
		"metadata.top.sleeve_length": "null",
		"metadata.top.sleeve_cuff_size": "null",
		"metadata.pants.pants_length": "null",
		"metadata.pants.waist_size": "null",
		"metadata.pants.hip_size": "null",
		"metadata.pants.front_rise_length": "null",
		"metadata.pants.back_rise_length": "null",
		"metadata.pants.inner_seam_length": "null",
		"metadata.pants.pants_waist_size": "null",
		"metadata.skirt.length": "null",
		"metadata.skirt.waist_size": "null",
		"metadata.skirt.hip_size": "null",
		"metadata.skirt.hem_size": "null",
		"metadata.dress.front_length": "null",
		"metadata.dress.chest_size": "null",
		"metadata.dress.waist_size": "null",
		"metadata.dress.hip_size": "null",
		"metadata.dress.hem_size": "null",
		"metadata.dress.shoulder_width": "null",
		"metadata.dress.sleeve_length": "null",
		"metadata.dress.cuff_size": "null",
		"metadata.jumpsuit.front_length": "132.0",
		"metadata.jumpsuit.inner_seam_length": "57.0",
		"metadata.jumpsuit.chest_size": "46.0",
		"metadata.jumpsuit.waist_size": "72.0",
		"metadata.jumpsuit.hip_size": "90.0",
		"metadata.jumpsuit.shoulder_width": "23.0",
		"metadata.jumpsuit.sleeve_length": "0.0",
		"metadata.jumpsuit.cuffs_size": "0.0",
		"metadata.jumpsuit.front_rise_length": "35.0",
		"metadata.jumpsuit.back_rise_length": "42.0",
		"metadata.jumpsuit.pants_waist_size": "50.0"
	}
}