{
	"dataset": {
		"dataset.id": 1,
		"dataset.name": "01_sou_000001_000001_front_01outer_01coat_woman",
		"dataset.image_path": "./008.의류 통합 데이터(3-1)/원천데이터/상품/상의/coat/01_sou_000001_000001_front_01outer_01coat_woman.jpg",
		"dataset.label_path": "./008.의류 통합 데이터(3-1)/라벨링데이터/상품/상의/coat/01_sou_000001_000001_front_01outer_01coat_woman.json",
		"dataset.category": 1,
		"dataset.type": 1,
		"dataset.width": 607,
		"dataset.height": 1080,
		"dataset.file_size": 67867
	},
	"annotation": [
		{
			"annotation_type": "Polygon",
			"annotation_id": 3,
			"annotation_point_count": 95.0,
			"annotation_point": [
				249.10000000000036,
				266.10000000000036,
				230.8000000000011,
				282.0,
				222.2782651072157,
				286.84941520468055,
				214.96832358674692,
				292.94103313840424,
				206.44005847953485,
				297.8143274853828,
				199.73927875243862,
				304.51510721247905,
				192.42933723197166,
				310.6067251462009,
				186.33771929824798,
				317.30750487329715,
				180.2461013645243,
				325.8357699805092,
				174.15448343080243,
				334.3640350877213,
				164.40789473684526,
				347.1564327485412,
				152.83382066277045,
				362.3854775828495,
				137.6044921875,
				381.26953125,
				40.0,
				519.0,
				25.0,
				549.0,
				49.0,
				562.0,
				67.0,
				583.0,
				75.80000000000109,
				588.0,
				174.20000000000073,
				489.0,
				177.0,
				509.0,
				177.0,
				545.0,
				171.0,
				559.0,
				171.0,
				568.0,
				175.0,
				572.0,
				173.0,
				719.0,
				176.7861328125,
				734.76171875,
				182.70813027940676,
				734.3379764998972,
				189.47659465021025,
				734.7610055230725,
				195.8220299978384,
				735.1840345462479,
				202.59049436864188,
				735.6070635694232,
				208.93592971627004,
				735.6070635694232,
				216.5504521334242,
				735.6070635694232,
				222.472858457877,
				736.4531216157739,
				229.66435185185583,
				736.4531216157739,
				236.0097871994858,
				736.8761506389492,
				242.77825157028929,
				736.8761506389492,
				248.7006578947421,
				736.8761506389492,
				255.89215128872092,
				736.4531216157739,
				263.08364468269974,
				736.4531216157739,
				270.6981670998539,
				736.4531216157739,
				277.8896604938327,
				736.4531216157739,
				285.0811538878115,
				736.4531216157739,
				292.6953125,
				735.607421875,
				294.8108214208405,
				738.1452377084752,
				301.579285791644,
				738.1452377084752,
				308.3477501624475,
				738.1452377084752,
				314.69318551007564,
				737.7222086852998,
				321.0386208577038,
				737.2991796621245,
				330.34525936755927,
				736.0300925925985,
				336.2676656920121,
				736.8761506389492,
				342.61310103964024,
				737.7222086852998,
				348.9585363872702,
				738.1452377084752,
				354.4579136885477,
				738.9912957548258,
				361.6494070825265,
				739.8373538011729,
				368.41787145333,
				739.8373538011729,
				374.76330680095816,
				740.6834118475235,
				378.5703125,
				742.375,
				389.99235163526646,
				740.6834118475235,
				404.7983674463994,
				740.2603828243482,
				419.60438325753057,
				738.5682667316505,
				431.87222492961337,
				738.1452377084752,
				440.7558344162917,
				736.0300925925985,
				443.717037578519,
				734.3379764998972,
				444.0,
				714.0,
				442.40000000000146,
				524.7000000000007,
				443.2000000000007,
				489.40000000000146,
				444.0,
				485.0,
				493.0,
				545.0,
				532.2000000000007,
				588.0,
				593.6000000000022,
				548.4000000000015,
				592.6486354775843,
				542.697368421057,
				579.8562378167662,
				525.0316764132585,
				568.2821637426932,
				503.101851851854,
				553.6622807017557,
				479.9537037037062,
				532.3416179337255,
				442.7948343079952,
				509.1934697855795,
				406.85428849902746,
				493.35526315789684,
				381.26949317739127,
				482.3903508771964,
				362.9946393762202,
				473.8620857699825,
				350.2022417154021,
				462.2880116959095,
				336.1915204678389,
				448.2772904483463,
				324.6174463937641,
				437.921875,
				317.9169921875,
				427.5657894736869,
				313.65253411306367,
				420.86500974659066,
				308.7792397660851,
				410.50925925926276,
				299.0326510721279,
				395.889376218327,
				288.06773879142565,
				387.9702729044857,
				282.5852826510745,
				377.6142578125,
				276.494140625,
				352.0,
				269.0,
				326.0343193022363,
				245.7465870307169,
				319.5164960182028,
				246.93164580963094,
				305.2957906712163,
				248.7092339780047,
				291.0750853242316,
				248.7092339780047,
				281.5946150929085,
				246.93164580963094,
				273.298828125,
				244.5615234375
			]
		}
	],
	"metadata.model": {
		"metadata.model.gender": "FEMALE",
		"metadata.model.age": "40대",
		"metadata.model.job": "homemaker",
		"metadata.model.type": "front",
		"metadata.model.usually_size": "M",
		"metadata.model.body_height": "160",
		"metadata.model.waist_height": "94",
		"metadata.model.chest_size_male": "null",
		"metadata.model.breast_size_female": "90.0",
		"metadata.model.waist_size": "79",
		"metadata.model.hip_seize": "94",
		"metadata.model.back_length": "47",
		"metadata.model.shoulders_width": "41",
		"metadata.model.arm_length": "56",
		"metadata.model.weight": "56"
	},
	"metadata.clothes": {
		"metadata.clothes.type": "01outer_01coat",
		"metadata.clothes.season": "spring&fall",
		"metadata.clothes.fiber_composition": "Polyester",
		"metadata.clothes.elasticity": "none",
		"metadata.clothes.transparency": "none at all",
		"metadata.clothes.isfleece": "fleece_none",
		"metadata.clothes.color": "Gray",
		"metadata.clothes.washing_method": "Washing30",
		"metadata.clothes.bleach": "Do not chlorine bleach",
		"metadata.clothes.ironing": "none",
		"metadata.clothes.drycleaning": "DRYCLEAN",
		"metadata.clothes.wringing": "none",
		"metadata.clothes.drying": "none",
		"metadata.clothes.top_length_type": "long",
		"metadata.clothes.sleeve_length_type": "long sleeves",
		"metadata.clothes.topneck_color_design": "tailored collar",
		"metadata.clothes.topsleeve_design": "basic sleeve",
		"metadata.clothes.pants_silhouette": "null",
		"metadata.clothes.skirt_design": "null",
		"metadata.top.front_length": "90.0",
		"metadata.top.chest_size": "114.0",
		"metadata.top.waist_size": "108.0",
		"metadata.top.hem_size": "110.0",
		"metadata.top.shoulder_width": "50.0",
		"metadata.top.sleeve_length": "58.0",
		"metadata.top.sleeve_cuff_size": "28.0",
		"metadata.pants.pants_length": "null",
		"metadata.pants.waist_size": "null",
		"metadata.pants.hip_size": "null",
		"metadata.pants.front_rise_length": "null",
		"metadata.pants.back_rise_length": "null",
		"metadata.pants.inner_seam_length": "null",
		"metadata.pants.pants_waist_size": "null",
		"metadata.skirt.length": "null",
		"metadata.skirt.waist_size": "null",
		"metadata.skirt.hip_size": "null",
		"metadata.skirt.hem_size": "null",
		"metadata.dress.front_length": "null",
		"metadata.dress.chest_size": "null",
		"metadata.dress.waist_size": "null",
		"metadata.dress.hip_size": "null",
		"metadata.dress.hem_size": "null",
		"metadata.dress.shoulder_width": "null",
		"metadata.dress.sleeve_length": "null",
		"metadata.dress.cuff_size": "null",
		"metadata.jumpsuit.front_length": "null",
		"metadata.jumpsuit.inner_seam_length": "null",
		"metadata.jumpsuit.chest_size": "null",
		"metadata.jumpsuit.waist_size": "null",
		"metadata.jumpsuit.hip_size": "null",
		"metadata.jumpsuit.shoulder_width": "null",
		"metadata.jumpsuit.sleeve_length": "null",
		"metadata.jumpsuit.cuffs_size": "null",
		"metadata.jumpsuit.front_rise_length": "null",
		"metadata.jumpsuit.back_rise_length": "null",
		"metadata.jumpsuit.pants_waist_size": "null"
	}
}