{
	"dataset": {
		"dataset.id": 240356,
		"dataset.name": "01_sou_048072_240356_front_02top_05vest_man",
		"dataset.image_path": "./008.의류 통합 데이터(3-1)/원천데이터/상품/상의/vest/01_sou_048072_240356_front_02top_05vest_man.jpg",
		"dataset.label_path": "./008.의류 통합 데이터(3-1)/라벨링데이터/상품/상의/vest/01_sou_048072_240356_front_02top_05vest_man.json",
		"dataset.category": 9,
		"dataset.type": 1,
		"dataset.width": 4032,
		"dataset.height": 2268,
		"dataset.file_size": 868061
	},
	"annotation": [
		{
			"annotation_type": "Polygon",
			"annotation_id": 74,
			"annotation_point_count": 121.0,
			"annotation_point": [
				1455.6513221259193,
				780.8800674196755,
				1460.0565843621498,
				841.5960730233874,
				1459.5777515103855,
				900.2052140793385,
				1460.5354172139141,
				1022.1160581385266,
				1459.0989186586212,
				1072.9681069958951,
				1453.5444575781567,
				1108.0186717450415,
				1436.9768409071112,
				1154.7527580772366,
				1421.2711233692426,
				1187.9837579896794,
				1410.641034060076,
				1214.3195648367146,
				1406.427304964549,
				1223.9919884423543,
				1417.0573942737174,
				1237.3993082917532,
				1416.1954951405405,
				1245.7309999124518,
				1438.3175728920523,
				1284.5164609053609,
				1449.4264950529832,
				1308.0750372121638,
				1449.4264950529832,
				1398.0956133438503,
				1455.8428552666246,
				1421.1753567988908,
				1454.023290429921,
				1538.4894054811411,
				1454.023290429921,
				1617.017993170486,
				1456.321688118389,
				1676.1059670781997,
				1479.8802644251919,
				1755.5922204710732,
				1494.6283162595319,
				1863.6169118290982,
				1500.6616101917625,
				1910.734064442704,
				1499.3208782068232,
				1930.557744505746,
				1502.4811750284662,
				1936.1122055862124,
				1507.5568032571682,
				1938.8894361264447,
				1514.5477628929275,
				1940.804767533502,
				1521.4429559583332,
				1939.368268978209,
				1530.7323132825604,
				1937.069871289741,
				1543.6608002801968,
				1930.557744505746,
				1566.7405437352354,
				1924.620217143869,
				1671.1261054198512,
				1910.2552315909397,
				1753.7726556343678,
				1901.061640837066,
				1861.7973469923927,
				1892.2511163646031,
				1869.2671394799163,
				1889.473885824369,
				1954.2120873829026,
				1891.7722835128388,
				2068.7489055249207,
				1890.4315515278977,
				2187.403686192114,
				1895.5071797565997,
				2310.2721959548326,
				1901.061640837066,
				2410.9228613956875,
				1913.9901278347006,
				2463.1156422379936,
				1917.6292575081097,
				2514.3507573767747,
				1920.1191883372849,
				2524.8850801155895,
				1922.6091191664582,
				2533.791371158404,
				1923.6625514403404,
				2540.0161982313402,
				1924.5244505735154,
				2542.410362490162,
				1924.33291743281,
				2542.889195341926,
				1922.321819455401,
				2543.3680281936904,
				1919.257289204108,
				2544.4214604675726,
				1914.1816609754078,
				2544.4214604675726,
				1908.0526004728235,
				2547.1029244374513,
				1894.9325803344818,
				2552.0827860958016,
				1861.8931135627463,
				2560.1271780054412,
				1791.0258515016303,
				2569.7996016110774,
				1729.831013046154,
				2583.5899877418888,
				1664.8055117765634,
				2598.6253392872895,
				1607.0582698537892,
				2600.157604412936,
				1562.4310480693566,
				2595.5608090359965,
				1449.3307284826296,
				2599.0084055687003,
				1388.1358900271534,
				2610.2130942999866,
				1305.3935732422833,
				2630.6113737851447,
				1263.3520488573777,
				2643.2525610717203,
				1222.5554898870614,
				2640.188030820431,
				1201.7741441204907,
				2620.938950179505,
				1143.7396024866575,
				2610.5961605813973,
				1083.3108965940046,
				2606.765497767283,
				1018.6684616058246,
				2609.0638954557508,
				940.1398739164797,
				2613.277624551276,
				813.5364679100003,
				2613.6606908326867,
				726.8677217406639,
				2620.1728176166835,
				669.9823789510647,
				2633.2928377550234,
				578.0464714123209,
				2634.9208694510235,
				567.1290823920954,
				2634.0589703178484,
				555.6370939497519,
				2630.898673496202,
				546.5392697662301,
				2627.6426101042052,
				542.5170738114102,
				2623.141581297623,
				539.3567769897654,
				2614.331056825158,
				533.1319499168294,
				2596.422708169175,
				522.5018606076628,
				2555.6261491988553,
				495.7829874792151,
				2481.694356886448,
				435.25851501620855,
				2429.501576044142,
				407.1031433324679,
				2359.78351282726,
				370.23301374661787,
				2310.846795376947,
				357.68759303039224,
				2275.7962306278023,
				350.31356711322223,
				2254.5360520094673,
				342.4607083442879,
				2226.3806803257266,
				328.57455564312295,
				2212.973360476326,
				322.6370282812459,
				2203.2051703003344,
				323.1158611330102,
				2198.129542071634,
				325.89309167324427,
				2193.053913842932,
				327.7126565099479,
				2177.3481963050635,
				343.41837404781654,
				2131.1887093949845,
				348.4940022765186,
				2078.1340294195015,
				356.3468610454529,
				2036.9544041677727,
				356.3468610454529,
				2015.3111592680252,
				351.27123281675085,
				2000.9461737150978,
				355.3891953419243,
				1948.7533928727898,
				353.0907976534545,
				1889.186586113312,
				342.4607083442879,
				1849.0603931354635,
				329.53222134665157,
				1837.4726381227665,
				327.2338236581836,
				1829.140946502068,
				324.93542596971565,
				1822.7245862884265,
				324.45659311795134,
				1815.3505603712565,
				327.7126565099479,
				1808.8384335872634,
				331.83061903512134,
				1788.535920672457,
				341.1199763593486,
				1758.0821513002466,
				356.3468610454529,
				1696.121180281947,
				371.5737457315572,
				1643.5453331582285,
				390.5355266614224,
				1603.8022064617926,
				408.5396418877608,
				1572.8696042378178,
				424.72419227739374,
				1543.2777339987842,
				446.36743717713944,
				1501.2362096138804,
				483.33333333334303,
				1491.0849531564763,
				489.3666272655737,
				1475.858068470372,
				498.08138516768304,
				1463.8872471762643,
				505.55117765520663,
				1452.7783250153334,
				511.0098721653194,
				1445.4042990981634,
				516.0855003940214,
				1442.1482357061668,
				521.7357280448396,
				1436.402241484995,
				524.6087251554254,
				1429.6985815602948,
				533.227716487183,
				1427.7832501532375,
				546.6350363365837,
				1431.800000000001,
				563.4000000000015
			]
		}
	],
	"metadata.model": {
		"metadata.model.gender": "MALE",
		"metadata.model.age": "20대",
		"metadata.model.job": "entertainment and sports",
		"metadata.model.type": "front",
		"metadata.model.usually_size": "XL",
		"metadata.model.body_height": "180",
		"metadata.model.waist_height": "101",
		"metadata.model.chest_size_male": "93.0",
		"metadata.model.breast_size_female": "null",
		"metadata.model.waist_size": "84",
		"metadata.model.hip_seize": "104",
		"metadata.model.back_length": "48",
		"metadata.model.shoulders_width": "47",
		"metadata.model.arm_length": "61",
		"metadata.model.weight": "76"
	},
	"metadata.clothes": {
		"metadata.clothes.type": "02top_05vest",
		"metadata.clothes.season": "winter",
		"metadata.clothes.fiber_composition": "Cotton",
		"metadata.clothes.elasticity": "contain little",
		"metadata.clothes.transparency": "contain",
		"metadata.clothes.isfleece": "fleece_none",
		"metadata.clothes.color": "Beige",
		"metadata.clothes.washing_method": "none",
		"metadata.clothes.bleach": "none",
		"metadata.clothes.ironing": "none",
		"metadata.clothes.drycleaning": "none",
		"metadata.clothes.wringing": "none",
		"metadata.clothes.drying": "none",
		"metadata.clothes.top_length_type": "long",
		"metadata.clothes.sleeve_length_type": "null",
		"metadata.clothes.topneck_color_design": "V-neck",
		"metadata.clothes.topsleeve_design": "null",
		"metadata.clothes.pants_silhouette": "null",
		"metadata.clothes.skirt_design": "null",
		"metadata.top.front_length": "67.0",
		"metadata.top.chest_size": "102.0",
		"metadata.top.waist_size": "100.0",
		"metadata.top.hem_size": "98.0",
		"metadata.top.shoulder_width": "48.0",