{
	"dataset": {
		"dataset.id": 4161,
		"dataset.name": "01_sou_000833_004161_front_02top_04shirt_woman",
		"dataset.image_path": "./008.의류 통합 데이터(3-1)/원천데이터/상품/상의/shirt/01_sou_000833_004161_front_02top_04shirt_woman.jpg",
		"dataset.label_path": "./008.의류 통합 데이터(3-1)/라벨링데이터/상품/상의/shirt/01_sou_000833_004161_front_02top_04shirt_woman.json",
		"dataset.category": 8,
		"dataset.type": 1,
		"dataset.width": 1080,
		"dataset.height": 1080,
		"dataset.file_size": 125340
	},
	"annotation": [
		{
			"annotation_type": "Polygon",
			"annotation_id": 49,
			"annotation_point_count": 68.0,
			"annotation_point": [
				68.20000000000073,
				696.0,
				30.099999999998545,
				740.2999999999993,
				71.0,
				784.0,
				81.0,
				790.0,
				88.90000000000146,
				789.7000000000007,
				168.59999999999854,
				709.7000000000007,
				220.20000000000073,
				667.5,
				351.7000000000007,
				541.1000000000022,
				358.3408203125,
				593.87890625,
				360.11216056670673,
				626.6410861865443,
				364.53955135773504,
				633.7249114521874,
				362.76859504132517,
				658.51829988194,
				346.82998819362547,
				736.4403778040178,
				344.17355371901067,
				755.0354191263323,
				338.86068476977744,
				793.9964580873711,
				386.0,
				818.0,
				425.6376953125,
				831.1875,
				468.14049586777037,
				837.3848878394347,
				520.3837072018905,
				836.4994096812297,
				531.8949232585619,
				839.1558441558482,
				546.948051948053,
				837.3848878394347,
				571.7414403778057,
				839.1558441558482,
				589.4510035419153,
				837.3848878394347,
				621.0,
				832.0,
				684.0,
				813.7000000000007,
				724.2000000000007,
				783.1000000000022,
				714.0,
				748.0,
				700.1357733175937,
				698.3648170011838,
				695.7083825265654,
				606.2750885478199,
				698.3648170011838,
				602.7331759149965,
				694.822265625,
				567.314453125,
				704.0,
				526.0,
				745.0,
				552.0,
				831.0,
				618.2000000000007,
				954.267578125,
				700.13671875,
				985.2597402597421,
				718.7308146399082,
				1033.1000000000022,
				753.2999999999993,
				1078.2349468713146,
				696.593860684774,
				1075.5785123966962,
				691.2809917355407,
				986.0,
				607.0,
				824.1027154663534,
				480.5371900826467,
				716.197002923971,
				394.19407894736287,
				697.008406432742,
				374.54861111110586,
				683.7591374268959,
				363.5836988304036,
				672.3373538011656,
				356.2737573099366,
				660.0018274853755,
				353.075657894733,
				640.3563596491185,
				347.1363304093502,
				624.3658625730932,
				342.5676169590588,
				610.2028508771873,
				338.45577485379545,
				594.212890625,
				334.80078125,
				585.5317982456072,
				331.1458333333285,
				564.0588450292344,
				307.3885233918081,
				556.29296875,
				304.189453125,
				515.9563164108658,
				302.556080283357,
				485.40000000000146,
				306.1000000000022,
				460.34904970759817,
				336.6282894736796,
				442.531067251457,
				345.30884502923436,
				432.48046875,
				349.419921875,
				414.6619152046733,
				356.2737573099366,
				401.8695175438552,
				362.2130847953158,
				389.9908625730932,
				368.6092836257267,
				377.65533625730313,
				376.3760964912217,
				363.4921875,
				383.228515625,
				354.90000000000146,
				397.40000000000146,
				319.1915789473678,
				429.80631578947214,
				276.4463157894752,
				470.846315789473,
				243.36421052631704,
				504.0421052631573,
				208.576171875,
				539.966796875
			]
		}
	],
	"metadata.model": {
		"metadata.model.gender": "FEMALE",
		"metadata.model.age": "30대",
		"metadata.model.job": "office job",
		"metadata.model.type": "front",
		"metadata.model.usually_size": "S",
		"metadata.model.body_height": "163",
		"metadata.model.waist_height": "95",
		"metadata.model.chest_size_male": "null",
		"metadata.model.breast_size_female": "80.0",
		"metadata.model.waist_size": "65",
		"metadata.model.hip_seize": "89",
		"metadata.model.back_length": "47",
		"metadata.model.shoulders_width": "40",
		"metadata.model.arm_length": "53",
		"metadata.model.weight": "48"
	},
	"metadata.clothes": {
		"metadata.clothes.type": "02top_04shirt",
		"metadata.clothes.season": "spring&fall",
		"metadata.clothes.fiber_composition": "Cotton,Nylon,synthetic fiber Others",
		"metadata.clothes.elasticity": "none",
		"metadata.clothes.transparency": "none at all",
		"metadata.clothes.isfleece": "fleece_none",
		"metadata.clothes.color": "Black",
		"metadata.clothes.washing_method": "Do Not Washing",
		"metadata.clothes.bleach": "Do not any bleach",
		"metadata.clothes.ironing": "Do not lron",
		"metadata.clothes.drycleaning": "DRYCLEAN : petroleum solvent only",
		"metadata.clothes.wringing": "none",
		"metadata.clothes.drying": "Line dry in shade",
		"metadata.clothes.top_length_type": "normal",
		"metadata.clothes.sleeve_length_type": "long sleeves",
		"metadata.clothes.topneck_color_design": "shirts collar",
		"metadata.clothes.topsleeve_design": "shirt sleeve",
		"metadata.clothes.pants_silhouette": "null",
		"metadata.clothes.skirt_design": "null",
		"metadata.top.front_length": "63.0",
		"metadata.top.chest_size": "90.0",
		"metadata.top.waist_size": "86.0",
		"metadata.top.hem_size": "100.0",
		"metadata.top.shoulder_width": "37.0",
		"metadata.top.sleeve_length": "62.0",
		"metadata.top.sleeve_cuff_size": "20.0",
		"metadata.pants.pants_length": "null",
		"metadata.pants.waist_size": "null",
		"metadata.pants.hip_size": "null",
		"metadata.pants.front_rise_length": "null",
		"metadata.pants.back_rise_length": "null",
		"metadata.pants.inner_seam_length": "null",
		"metadata.pants.pants_waist_size": "null",
		"metadata.skirt.length": "null",
		"metadata.skirt.waist_size": "null",
		"metadata.skirt.hip_size": "null",
		"metadata.skirt.hem_size": "null",
		"metadata.dress.front_length": "null",
		"metadata.dress.chest_size": "null",
		"metadata.dress.waist_size": "null",
		"metadata.dress.hip_size": "null",
		"metadata.dress.hem_size": "null",
		"metadata.dress.shoulder_width": "null",
		"metadata.dress.sleeve_length": "null",
		"metadata.dress.cuff_size": "null",
		"metadata.jumpsuit.front_length": "null",
		"metadata.jumpsuit.inner_seam_length": "null",
		"metadata.jumpsuit.chest_size": "null",
		"metadata.jumpsuit.waist_size": "null",
		"metadata.jumpsuit.hip_size": "null",
		"metadata.jumpsuit.shoulder_width": "null",
		"metadata.jumpsuit.sleeve_length": "null",
		"metadata.jumpsuit.cuffs_size": "null",
		"metadata.jumpsuit.front_rise_length": "null",
		"metadata.jumpsuit.back_rise_length": "null",
		"metadata.jumpsuit.pants_waist_size": "null"
	}
}