{
	"dataset": {
		"dataset.id": 416,
		"dataset.name": "01_sou_000084_000416_front_01outer_03jumper_woman",
		"dataset.image_path": "./008.의류 통합 데이터(3-1)/원천데이터/상품/상의/jumper/01_sou_000084_000416_front_01outer_03jumper_woman.jpg",
		"dataset.label_path": "./008.의류 통합 데이터(3-1)/라벨링데이터/상품/상의/jumper/01_sou_000084_000416_front_01outer_03jumper_woman.json",
		"dataset.category": 3,
		"dataset.type": 1,
		"dataset.width": 1080,
		"dataset.height": 1080,
		"dataset.file_size": 111527
	},
	"annotation": [
		{
			"annotation_type": "Polygon",
			"annotation_id": 1,
			"annotation_point_count": 66.0,
			"annotation_point": [
				571.125587036373,
				227.826228068423,
				560.3842588426287,
				227.826228068423,
				557.4548056988806,
				227.50073327467362,
				551.921394205132,
				228.1517228621742,
				546.0624879176357,
				229.45370203717357,
				541.5055608051389,
				229.45370203717357,
				534.6701701363909,
				229.45370203717357,
				529.4622534363934,
				229.77919683092296,
				524.9053263238966,
				229.45370203717357,
				518.3954304488998,
				229.45370203717357,
				514.1639981301523,
				228.80271244967298,
				503.42266993640806,
				228.1517228621742,
				497.56376364891,
				228.4772176559236,
				492.3558469489126,
				229.12820724342237,
				486.171445867667,
				230.10469162467234,
				483.2421875,
				230.1044921875,
				477.0,
				245.0,
				468.0,
				283.0,
				397.60000000000036,
				307.8000000000011,
				349.0,
				345.2000000000007,
				281.3000000000011,
				410.7000000000007,
				184.5,
				526.3000000000011,
				116.60000000000036,
				610.8000000000011,
				40.0,
				698.3000000000011,
				108.60000000000036,
				750.6000000000004,
				320.3000000000011,
				558.0,
				356.10000000000036,
				497.10000000000036,
				353.0,
				586.5,
				297.7000000000007,
				795.4000000000015,
				295.0,
				822.0,
				412.0,
				835.0,
				572.0,
				837.0,
				702.0,
				830.0,
				748.2000000000007,
				823.6000000000004,
				728.0,
				699.0,
				696.5712890625,
				580.7490234375,
				697.385017531933,
				576.951943844495,
				696.8425262090168,
				572.8832589226222,
				696.3000348861005,
				569.0858196622085,
				694.9438065788108,
				564.2033977559604,
				694.6725609173518,
				560.1347128340876,
				694.4013152558928,
				555.2522909278396,
				694.4013152558928,
				550.6411146830505,
				694.4013152558928,
				547.114921084094,
				693.5875782715193,
				541.6900078549297,
				693.3163326100603,
				537.892568594516,
				693.8588239329765,
				533.8238836726432,
				694.4013152558928,
				528.9414617663952,
				694.6725609173518,
				527.3139877976464,
				695.215052240268,
				518.0916353080665,
				695.215052240268,
				514.2941960476528,
				694.9438065788108,
				507.784300172656,
				694.9438065788108,
				502.3593869434917,
				694.9438065788108,
				499.9181759903677,
				701.2000000000007,
				485.60000000000036,
				764.2000000000007,
				569.6000000000004,
				812.0,
				609.0,
				952.0,
				751.0,
				962.0,
				751.0,
				1026.5,
				700.6000000000004,
				1007.0,
				673.0,
				821.4000000000015,
				449.0,
				702.0,
				333.0,
				646.0,
				298.0,
				594.0,
				278.0,
				585.0,
				243.0
			]
		}
	],
	"metadata.model": {
		"metadata.model.gender": "FEMALE",
		"metadata.model.age": "30대",
		"metadata.model.job": "office job",
		"metadata.model.type": "front",
		"metadata.model.usually_size": "S",
		"metadata.model.body_height": "163",
		"metadata.model.waist_height": "95",
		"metadata.model.chest_size_male": "null",
		"metadata.model.breast_size_female": "80.0",
		"metadata.model.waist_size": "65",
		"metadata.model.hip_seize": "89",
		"metadata.model.back_length": "47",
		"metadata.model.shoulders_width": "40",
		"metadata.model.arm_length": "53",
		"metadata.model.weight": "48"
	},
	"metadata.clothes": {
		"metadata.clothes.type": "01outer_03jumper",
		"metadata.clothes.season": "spring&fall",
		"metadata.clothes.fiber_composition": "Nylon",
		"metadata.clothes.elasticity": "none at all",
		"metadata.clothes.transparency": "none at all",
		"metadata.clothes.isfleece": "fleece_none",
		"metadata.clothes.color": "Gray",
		"metadata.clothes.washing_method": "Washing30",
		"metadata.clothes.bleach": "Do not any bleach",
		"metadata.clothes.ironing": "Ironing 140~160℃",
		"metadata.clothes.drycleaning": "DRYCLEAN : LAUNDRY",
		"metadata.clothes.wringing": "none",
		"metadata.clothes.drying": "Do not tumble dry",
		"metadata.clothes.top_length_type": "normal",
		"metadata.clothes.sleeve_length_type": "long sleeves",
		"metadata.clothes.topneck_color_design": "shirts collar",
		"metadata.clothes.topsleeve_design": "basic sleeve",
		"metadata.clothes.pants_silhouette": "null",
		"metadata.clothes.skirt_design": "null",
		"metadata.top.front_length": "74.0",
		"metadata.top.chest_size": "98.0",
		"metadata.top.waist_size": "92.0",
		"metadata.top.hem_size": "102.0",
		"metadata.top.shoulder_width": "39.0",
		"metadata.top.sleeve_length": "61.0",
		"metadata.top.sleeve_cuff_size": "24.0",
		"metadata.pants.pants_length": "null",
		"metadata.pants.waist_size": "null",
		"metadata.pants.hip_size": "null",
		"metadata.pants.front_rise_length": "null",
		"metadata.pants.back_rise_length": "null",
		"metadata.pants.inner_seam_length": "null",
		"metadata.pants.pants_waist_size": "null",
		"metadata.skirt.length": "null",
		"metadata.skirt.waist_size": "null",
		"metadata.skirt.hip_size": "null",
		"metadata.skirt.hem_size": "null",
		"metadata.dress.front_length": "null",
		"metadata.dress.chest_size": "null",
		"metadata.dress.waist_size": "null",
		"metadata.dress.hip_size": "null",
		"metadata.dress.hem_size": "null",
		"metadata.dress.shoulder_width": "null",
		"metadata.dress.sleeve_length": "null",
		"metadata.dress.cuff_size": "null",
		"metadata.jumpsuit.front_length": "null",
		"metadata.jumpsuit.inner_seam_length": "null",
		"metadata.jumpsuit.chest_size": "null",
		"metadata.jumpsuit.waist_size": "null",
		"metadata.jumpsuit.hip_size": "null",
		"metadata.jumpsuit.shoulder_width": "null",
		"metadata.jumpsuit.sleeve_length": "null",
		"metadata.jumpsuit.cuffs_size": "null",
		"metadata.jumpsuit.front_rise_length": "null",
		"metadata.jumpsuit.back_rise_length": "null",
		"metadata.jumpsuit.pants_waist_size": "null"
	}
}