{
	"dataset": {
		"dataset.id": 116,
		"dataset.name": "01_sou_000024_000116_front_01outer_02jacket_woman",
		"dataset.image_path": "./008.의류 통합 데이터(3-1)/원천데이터/상품/상의/jacket/01_sou_000024_000116_front_01outer_02jacket_woman.jpg",
		"dataset.label_path": "./008.의류 통합 데이터(3-1)/라벨링데이터/상품/상의/jacket/01_sou_000024_000116_front_01outer_02jacket_woman.json",
		"dataset.category": 2,
		"dataset.type": 1,
		"dataset.width": 607,
		"dataset.height": 1080,
		"dataset.file_size": 60821
	},
	"annotation": [
		{
			"annotation_type": "Polygon",
			"annotation_id": 4,
			"annotation_point_count": 90.0,
			"annotation_point": [
				47.0,
				688.0,
				96.0,
				704.0,
				116.0,
				706.0,
				134.79999999999927,
				651.7000000000007,
				182.0,
				515.0,
				184.1748046875,
				528.865234375,
				182.35436893204133,
				541.6080097087397,
				178.7135922330126,
				554.3507281553411,
				176.89320388349734,
				568.9138349514578,
				165.06067961165172,
				609.8725728155368,
				161.419902912623,
				623.5254854368959,
				159.59951456310955,
				637.178398058255,
				156.86893203883665,
				651.7415048543717,
				153.22815533980793,
				665.3944174757307,
				149.5873786407792,
				679.0473300970898,
				149.5873786407792,
				692.7002427184489,
				146.8567961165063,
				706.3531553398079,
				145.9466019417505,
				720.006067961167,
				143.21601941747758,
				733.658980582526,
				151.40776699029266,
				740.9405339805853,
				179.62378640776842,
				745.4915048543717,
				210.5703883495171,
				752.7730582524291,
				266.092233009711,
				769.1565533980611,
				277.01456310679896,
				771.8871359223322,
				290.667475728158,
				738.2099514563124,
				295.2184466019444,
				723.6468446601957,
				318.0,
				727.0,
				338.0,
				725.0,
				341.0,
				729.0,
				347.0,
				762.0,
				351.73046875,
				769.97265625,
				358.7912756343394,
				773.2312304483821,
				364.2222801529351,
				773.7743309002435,
				401.1531108793861,
				761.2830205074715,
				442.4287452207136,
				750.9641119221415,
				467.24514563107005,
				739.12014563107,
				461.78398058252606,
				702.7123786407792,
				459.9635922330126,
				689.0594660194201,
				459.05339805825497,
				674.4963592233034,
				457.2330097087397,
				660.8434466019444,
				456.32281553398207,
				647.1905339805853,
				454.5024271844686,
				633.5376213592263,
				452.68203883495335,
				619.8847087378654,
				450.8616504854381,
				604.4114077669929,
				448.131067961167,
				590.7584951456338,
				446.3106796116517,
				576.1953883495171,
				443.58009708738064,
				562.542475728158,
				438.119140625,
				513.3916015625,
				441.0,
				505.0,
				494.0,
				614.0,
				519.005859375,
				695.568359375,
				522.8076120959304,
				700.4557698991994,
				564.0832464372616,
				685.2489572471313,
				598.2985749044128,
				673.3007473062207,
				593.9537712895362,
				668.4128432394828,
				532.7791262135943,
				501.55946601942014,
				513.6650485436912,
				451.4987864077684,
				488.17961165048837,
				388.6953883495171,
				457.2330097087397,
				319.52063106796413,
				445.4004854368959,
				311.32888349514724,
				435.38834951456556,
				304.0473300970898,
				422.64563106796413,
				294.9453883495171,
				409.9029126213609,
				290.39441747573073,
				397.16019417475945,
				285.8434466019444,
				385.32766990291384,
				276.74150485437167,
				372.5849514563124,
				268.5497572815548,
				361.66262135922625,
				258.53762135922625,
				346.1893203883519,
				258.53762135922625,
				331.6262135922352,
				259.44781553398207,
				317.97330097087615,
				261.26820388349734,
				303.41019417475945,
				257.6274271844686,
				290.667475728158,
				255.80703883495335,
				277.9248046875,
				252.166015625,
				237.8759765625,
				277.6513671875,
				220.58252427184743,
				284.93325242718674,
				206.92961165048837,
				289.4842233009731,
				194.18689320388512,
				294.03519417475945,
				183.26456310679896,
				304.0473300970898,
				173.25242718446862,
				314.05946601942014,
				165.97087378640936,
				325.89199029126394,
				160.50970873786537,
				338.63470873786537,
				154.13834951456556,
				351.3774271844686,
				126.83252427184743,
				404.1686893203896,
				110.44902912621546,
				438.756067961167,
				95.88592233009877,
				484.26577669903054,
				77.68203883495335,
				547.9793689320413,
				64.02912621359428,
				593.4890776699049,
				54.01699029126394,
				630.8070388349533,
				43.09466019417596,
				667.2148058252442,
				39.45388349514724,
				682.6881067961185
			]
		}
	],
	"metadata.model": {
		"metadata.model.gender": "FEMALE",
		"metadata.model.age": "40대",
		"metadata.model.job": "homemaker",
		"metadata.model.type": "front",
		"metadata.model.usually_size": "M",
		"metadata.model.body_height": "160",
		"metadata.model.waist_height": "94",
		"metadata.model.chest_size_male": "null",
		"metadata.model.breast_size_female": "90.0",
		"metadata.model.waist_size": "79",
		"metadata.model.hip_seize": "94",
		"metadata.model.back_length": "47",
		"metadata.model.shoulders_width": "41",
		"metadata.model.arm_length": "56",
		"metadata.model.weight": "56"
	},
	"metadata.clothes": {
		"metadata.clothes.type": "01outer_02jacket",
		"metadata.clothes.season": "spring&fall",
		"metadata.clothes.fiber_composition": "Polyester",
		"metadata.clothes.elasticity": "contain little",
		"metadata.clothes.transparency": "none at all",
		"metadata.clothes.isfleece": "fleece_none",
		"metadata.clothes.color": "White",
		"metadata.clothes.washing_method": "Do Not Washing",
		"metadata.clothes.bleach": "Do not chlorine bleach",
		"metadata.clothes.ironing": "Ironing 80~120℃ : Place a cloth between the iron and textile",
		"metadata.clothes.drycleaning": "DRYCLEAN : petroleum solvent only",
		"metadata.clothes.wringing": "none",
		"metadata.clothes.drying": "Line dry in shade",
		"metadata.clothes.top_length_type": "long",
		"metadata.clothes.sleeve_length_type": "long sleeves",
		"metadata.clothes.topneck_color_design": "tailored collar",
		"metadata.clothes.topsleeve_design": "basic sleeve",
		"metadata.clothes.pants_silhouette": "null",
		"metadata.clothes.skirt_design": "null",
		"metadata.top.front_length": "72.0",
		"metadata.top.chest_size": "90.0",
		"metadata.top.waist_size": "80.0",
		"metadata.top.hem_size": "100.0",
		"metadata.top.shoulder_width": "36.0",
		"metadata.top.sleeve_length": "60.0",
		"metadata.top.sleeve_cuff_size": "26.0",
		"metadata.pants.pants_length": "null",
		"metadata.pants.waist_size": "null",
		"metadata.pants.hip_size": "null",
		"metadata.pants.front_rise_length": "null",
		"metadata.pants.back_rise_length": "null",
		"metadata.pants.inner_seam_length": "null",
		"metadata.pants.pants_waist_size": "null",
		"metadata.skirt.length": "null",
		"metadata.skirt.waist_size": "null",
		"metadata.skirt.hip_size": "null",
		"metadata.skirt.hem_size": "null",
		"metadata.dress.front_length": "null",
		"metadata.dress.chest_size": "null",
		"metadata.dress.waist_size": "null",
		"metadata.dress.hip_size": "null",
		"metadata.dress.hem_size": "null",
		"metadata.dress.shoulder_width": "null",
		"metadata.dress.sleeve_length": "null",
		"metadata.dress.cuff_size": "null",
		"metadata.jumpsuit.front_length": "null",
		"metadata.jumpsuit.inner_seam_length": "null",
		"metadata.jumpsuit.chest_size": "null",
		"metadata.jumpsuit.waist_size": "null",
		"metadata.jumpsuit.hip_size": "null",
		"metadata.jumpsuit.shoulder_width": "null",
		"metadata.jumpsuit.sleeve_length": "null",
		"metadata.jumpsuit.cuffs_size": "null",
		"metadata.jumpsuit.front_rise_length": "null",
		"metadata.jumpsuit.back_rise_length": "null",
		"metadata.jumpsuit.pants_waist_size": "null"
	}
}