{
	"dataset": {
		"dataset.id": 4706,
		"dataset.name": "01_sou_000942_004706_front_03-1onepiece(dress)_woman",
		"dataset.image_path": "./008.의류 통합 데이터(3-1)/원천데이터/상품/하의/onepiece(dress)/01_sou_000942_004706_front_03-1onepiece(dress)_woman.jpg",
		"dataset.label_path": "./008.의류 통합 데이터(3-1)/라벨링데이터/상품/하의/onepiece(dress)/01_sou_000942_004706_front_03-1onepiece(dress)_woman.json",
		"dataset.category": 10,
		"dataset.type": 1,
		"dataset.width": 607,
		"dataset.height": 1080,
		"dataset.file_size": 95248
	},
	"annotation": [
		{
			"annotation_type": "Polygon",
			"annotation_id": 1,
			"annotation_point_count": 63.0,
			"annotation_point": [
				56.0,
				338.0,
				90.7890625,
				380.345703125,
				106.82106128996566,
				380.6598855887278,
				129.7693269010433,
				375.3157689395739,
				142.34371901670238,
				370.600371896202,
				159.5,
				407.60000000000036,
				158.3000000000011,
				430.8000000000011,
				135.8000000000011,
				480.7000000000007,
				99.20000000000073,
				574.6000000000004,
				84.5,
				619.8000000000011,
				52.80000000000109,
				792.5,
				48.0,
				825.0,
				48.0,
				852.0,
				50.5,
				861.1000000000004,
				61.80000000000109,
				864.1000000000004,
				136.20000000000073,
				870.9000000000015,
				206.70000000000073,
				874.3000000000011,
				275.8000000000011,
				872.1000000000004,
				301.0388347123717,
				867.9050056783944,
				381.01196856796196,
				862.623760989818,
				440.9921875,
				851.306640625,
				541.4000000000015,
				828.4000000000015,
				535.8000000000011,
				772.0,
				527.9000000000015,
				715.6000000000004,
				511.0,
				650.0,
				488.0,
				574.0,
				474.9363904758793,
				538.2170187979318,
				463.61943757178597,
				518.6009670975036,
				425.0789257372908,
				454.8487990711128,
				414.7050522418722,
				431.90053346003515,
				410.6183748042822,
				390.0906796754698,
				416.90557086211265,
				364.6275356412607,
				427.9081639633132,
				364.6275356412607,
				451.7995089830656,
				377.51628755981073,
				467.83185893053087,
				345.13722786198923,
				478.52009222884226,
				303.0130142745311,
				478.52009222884226,
				287.6093839328496,
				469.0892981420966,
				285.0945055097163,
				467.2031393247489,
				276.9211506345382,
				439.853515625,
				257.7451171875,
				415.64813165054693,
				246.74260955695718,
				411.56145421295696,
				244.22773113382573,
				410.30401500139124,
				227.5666615805767,
				402.759765625,
				223.48046875,
				386.7270297845316,
				222.5369047343138,
				375.095703125,
				224.7373046875,
				326.3699476293714,
				201.78915774348025,
				309.70887807612235,
				214.04919005624652,
				293.6765281286571,
				215.62098907070504,
				265.6985056713165,
				216.249708676487,
				241.80716065156412,
				208.70507340709264,
				230.80456755036357,
				202.4178773492622,
				220.43069405494498,
				205.8758351810684,
				175.20000000000073,
				221.8000000000011,
				158.20000000000073,
				219.60000000000036,
				152.1517448669165,
				223.4171121824129,
				129.36065915728432,
				242.56162417850464,
				118.45237399694997,
				247.37132916274277,
				106.50670148707286,
				256.80212324948843,
				79.15739863551607,
				285.72322511550374,
				65.32556730829128,
				312.1294485583876,
				63.75376829383276,
				319.98844363067474,
				52.7509765625,
				329.7333984375
			]
		}
	],
	"metadata.model": {
		"metadata.model.gender": "FEMALE",
		"metadata.model.age": "40대",
		"metadata.model.job": "homemaker",
		"metadata.model.type": "front",
		"metadata.model.usually_size": "M",
		"metadata.model.body_height": "160",
		"metadata.model.waist_height": "94",
		"metadata.model.chest_size_male": "null",
		"metadata.model.breast_size_female": "90.0",
		"metadata.model.waist_size": "79",
		"metadata.model.hip_seize": "94",
		"metadata.model.back_length": "47",
		"metadata.model.shoulders_width": "41",
		"metadata.model.arm_length": "56",
		"metadata.model.weight": "56"
	},
	"metadata.clothes": {
		"metadata.clothes.type": "03-1onepiece(dress)",
		"metadata.clothes.season": "summer",
		"metadata.clothes.fiber_composition": "Cotton,Polyester",
		"metadata.clothes.elasticity": "none at all",
		"metadata.clothes.transparency": "contain little",
		"metadata.clothes.isfleece": "fleece_none",
		"metadata.clothes.color": "Blue",
		"metadata.clothes.washing_method": "Do Not Washing",
		"metadata.clothes.bleach": "Do not chlorine bleach",
		"metadata.clothes.ironing": "none",
		"metadata.clothes.drycleaning": "DRYCLEAN",
		"metadata.clothes.wringing": "none",
		"metadata.clothes.drying": "none",
		"metadata.clothes.top_length_type": "long",
		"metadata.clothes.sleeve_length_type": "short sleeves",
		"metadata.clothes.topneck_color_design": "V-neck",
		"metadata.clothes.topsleeve_design": "puff sleeve",
		"metadata.clothes.pants_silhouette": "null",
		"metadata.clothes.skirt_design": "null",
		"metadata.top.front_length": "null",
		"metadata.top.chest_size": "null",
		"metadata.top.waist_size": "null",
		"metadata.top.hem_size": "null",
		"metadata.top.shoulder_width": "null",
		"metadata.top.sleeve_length": "null",
		"metadata.top.sleeve_cuff_size": "null",
		"metadata.pants.pants_length": "null",
		"metadata.pants.waist_size": "null",
		"metadata.pants.hip_size": "null",
		"metadata.pants.front_rise_length": "null",
		"metadata.pants.back_rise_length": "null",
		"metadata.pants.inner_seam_length": "null",
		"metadata.pants.pants_waist_size": "null",
		"metadata.skirt.length": "null",
		"metadata.skirt.waist_size": "null",
		"metadata.skirt.hip_size": "null",
		"metadata.skirt.hem_size": "null",
		"metadata.dress.front_length": "0.0",
		"metadata.dress.chest_size": "100.0",
		"metadata.dress.waist_size": "88.0",
		"metadata.dress.hip_size": "146.0",
		"metadata.dress.hem_size": "168.0",
		"metadata.dress.shoulder_width": "36.0",
		"metadata.dress.sleeve_length": "29.0",
		"metadata.dress.cuff_size": "16.0",
		"metadata.jumpsuit.front_length": "null",
		"metadata.jumpsuit.inner_seam_length": "null",
		"metadata.jumpsuit.chest_size": "null",
		"metadata.jumpsuit.waist_size": "null",
		"metadata.jumpsuit.hip_size": "null",
		"metadata.jumpsuit.shoulder_width": "null",
		"metadata.jumpsuit.sleeve_length": "null",
		"metadata.jumpsuit.cuffs_size": "null",
		"metadata.jumpsuit.front_rise_length": "null",
		"metadata.jumpsuit.back_rise_length": "null",
		"metadata.jumpsuit.pants_waist_size": "null"
	}
}