{
	"dataset": {
		"dataset.id": 3951,
		"dataset.name": "01_sou_000791_003951_front_02top_03sweater_woman",
		"dataset.image_path": "./008.의류 통합 데이터(3-1)/원천데이터/상품/상의/sweater/01_sou_000791_003951_front_02top_03sweater_woman.jpg",
		"dataset.label_path": "./008.의류 통합 데이터(3-1)/라벨링데이터/상품/상의/sweater/01_sou_000791_003951_front_02top_03sweater_woman.json",
		"dataset.category": 7,
		"dataset.type": 1,
		"dataset.width": 1196,
		"dataset.height": 1080,
		"dataset.file_size": 78039
	},
	"annotation": [
		{
			"annotation_type": "Polygon",
			"annotation_id": 71,
			"annotation_point_count": 133.0,
			"annotation_point": [
				953.3231806367803,
				487.1621182586132,
				934.0330571799896,
				471.9330734243049,
				925.4032651072157,
				468.3796296296332,
				917.7887426900634,
				465.8414554905812,
				909.6665854450985,
				462.2880116959095,
				903.574967511373,
				458.22693307342706,
				896.4680799220296,
				452.1353151397052,
				890.3764619883077,
				447.0589668616012,
				884.2848440545858,
				441.98261858349906,
				876.1626868096209,
				436.39863547758614,
				869.0557992202775,
				432.3375568551037,
				862.964181286552,
				428.27647823262123,
				855.8572936972087,
				423.70776478232983,
				847.2275016244348,
				419.1390513320366,
				838.597709551661,
				414.5703378817452,
				830.475552306696,
				410.001624431452,
				822.8610298895437,
				404.92527615334984,
				815.2465074723877,
				401.37183235867815,
				807.6319850552354,
				397.81838856400645,
				799.5098278102705,
				394.26494476933476,
				789.3571312540662,
				390.71150097466307,
				778.6967998700493,
				387.6656920078003,
				768.544103313845,
				384.6198830409394,
				761.9453125,
				382.5888671875,
				731.798828125,
				360.845703125,
				703.7106752220097,
				364.441398635483,
				684.378248862904,
				365.66818280269035,
				664.5381876759857,
				364.1875812215767,
				582.7570810044854,
				356.1378872815094,
				561.2139363057468,
				350.75210110682383,
				548.738222871998,
				344.0090968161185,
				524.8793859649159,
				357.20760233918554,
				516.249593892142,
				360.76104613385723,
				507.11216699155557,
				364.31448992852893,
				499.49764457440324,
				366.8526640675791,
				490.86785250162757,
				369.3908382066311,
				481.73042560104295,
				371.9290123456831,
				474.1159031838888,
				373.9595516569243,
				465.48611111111495,
				377.00536062378524,
				455.8410493827196,
				380.55880441845693,
				446.70362248213496,
				383.60461338531786,
				440.1043697206005,
				386.14278752436985,
				430.9669428200159,
				390.2038661468523,
				422.33715074724205,
				393.757309941524,
				415.23026315789866,
				397.3107537361957,
				406.09283625731405,
				401.8794671864889,
				397.4630441845384,
				405.94054580896955,
				391.87906107862545,
				407.9710851202108,
				387.817982456143,
				410.50925925926276,
				380.7110948667996,
				414.06270305393446,
				373.6042072774562,
				418.1237816764169,
				365.4820500324913,
				422.6924951267083,
				360.4052734375,
				425.23046875,
				353.66825951195096,
				428.7559111255541,
				331.1067116092727,
				436.51144321709944,
				278.93313208432846,
				481.2820148364772,
				157.2417830842569,
				592.7501624431497,
				89.13411035304671,
				653.913108710567,
				60.79116580030677,
				688.6014886109333,
				54.86875947585395,
				703.4075044220663,
				35.83245343296767,
				724.5589555808292,
				61.637223846657434,
				750.7867550176925,
				72.21294942603708,
				763.0545966897735,
				83.63473305176922,
				786.3211929644094,
				95.47954570067486,
				782.5139317558351,
				97.17166179337619,
				788.0133090571107,
				112.823735650858,
				779.9757576167831,
				128.89883853151696,
				767.2848869215268,
				137.7824480181971,
				762.2085386434228,
				157.66481210743223,
				755.0170452494422,
				166.12539257093704,
				755.0170452494422,
				204.19800465670596,
				718.2135202331992,
				237.19426846437455,
				692.8317788426866,
				252.84634232185817,
				683.525140332833,
				290.49592538445177,
				647.9907023861124,
				315.03160872861554,
				630.6465124359274,
				361.5648012778893,
				597.2272196050872,
				346.7587854667563,
				635.7228607140314,
				338.2982050032515,
				700.446301259839,
				338.2982050032515,
				710.5989978160469,
				331.95276965562334,
				736.8267972529102,
				326.8764213775212,
				770.6691191069258,
				324.7612762616445,
				788.0133090571107,
				326.0303633311705,
				807.8956731463477,
				331.6002454696445,
				843.6063731860559,
				331.81175998123217,
				853.4065455562813,
				341.85869928164357,
				863.4534848566909,
				348.4861539780559,
				859.2936994621377,
				351.41210472168314,
				854.6403802072091,
				371.25921639232183,
				852.1727109053536,
				407.2166833622159,
				851.4324101147977,
				439.78991814670735,
				851.9259439751659,
				470.88255135008694,
				851.4324101147977,
				562.6798493791102,
				862.4664171359509,
				633.9249873655353,
				868.8471049021755,
				734.3943803696529,
				879.7048498303411,
				794.9227831023054,
				881.185451411453,
				849.5640319291051,
				882.9480723413508,
				856.8965349974751,
				883.5121110389191,
				871.2795217854327,
				892.3252156884009,
				871.8788129015993,
				889.3992649447719,
				883.9351400620944,
				893.2065261533498,
				888.9057310844,
				871.1737645296416,
				889.7870415493489,
				869.1291242509615,
				891.9726915024221,
				775.4634480362474,
				888.0949254566476,
				726.1100619991375,
				878.8587917839905,
				677.8142485199642,
				857.2843116020522,
				607.168401649702,
				850.0928182080752,
				595.3235890007963,
				844.580078125,
				572.486328125,
				848.8096301711121,
				583.0627978124357,
				864.884733051771,
				595.3306394845204,
				873.7683425384494,
				610.1366552956497,
				889.420416395933,
				620.712380875033,
				914.8021577864456,
				646.0941222655456,
				936.7996669915592,
				674.4370668182855,
				1000.2540204678407,
				750.1592619666517,
				1008.7146009313474,
				759.4659004765053,
				1015.483065302149,
				774.6949453108136,
				1041.7108647390123,
				805.1530349794302,
				1091.2052604505152,
				858.4546918995075,
				1099.2428118908429,
				864.8001272471338,
				1111.5106535629238,
				880.0291720814421,
				1116.1639728178525,
				886.7976364522474,
				1133.085133744862,
				878.3370559887408,
				1135.2002788607388,
				871.1455625947638,
				1185.1177035954133,
				842.3795890188485,
				1186.8098196881147,
				839.7145061728443,
				1172.7229532163801,
				812.682951591949,
				1170.353990686599,
				800.9650476499955,
				1153.0521036387327,
				764.7960661685138,
				1122.763225579387,
				718.6859026424136,
				1053.3018599740135,
				615.5091238899768
			]
		}
	],
	"metadata.model": {
		"metadata.model.gender": "FEMALE",
		"metadata.model.age": "30대",
		"metadata.model.job": "office job",
		"metadata.model.type": "front",
		"metadata.model.usually_size": "S",
		"metadata.model.body_height": "159",
		"metadata.model.waist_height": "93",
		"metadata.model.chest_size_male": "null",
		"metadata.model.breast_size_female": "82.0",
		"metadata.model.waist_size": "62",
		"metadata.model.hip_seize": "82",
		"metadata.model.back_length": "38",
		"metadata.model.shoulders_width": "41",
		"metadata.model.arm_length": "48",
		"metadata.model.weight": "44"
	},
	"metadata.clothes": {
		"metadata.clothes.type": "02top_03sweater",
		"metadata.clothes.season": "winter",
		"metadata.clothes.fiber_composition": "Polyester,Cotton",
		"metadata.clothes.elasticity": "contain little",
		"metadata.clothes.transparency": "contain little",
		"metadata.clothes.isfleece": "fleece_none",
		"metadata.clothes.color": "Green",
		"metadata.clothes.washing_method": "none",
		"metadata.clothes.bleach": "none",
		"metadata.clothes.ironing": "none",
		"metadata.clothes.drycleaning": "none",
		"metadata.clothes.wringing": "none",
		"metadata.clothes.drying": "none",
		"metadata.clothes.top_length_type": "normal",