{
	"dataset": {
		"dataset.id": 5541,
		"dataset.name": "01_sou_001109_005541_front_04bottom_01pants_woman",
		"dataset.image_path": "./008.의류 통합 데이터(3-1)/원천데이터/상품/하의/bottom/01_sou_001109_005541_front_04bottom_01pants_woman.jpg",
		"dataset.label_path": "./008.의류 통합 데이터(3-1)/라벨링데이터/상품/하의/bottom/01_sou_001109_005541_front_04bottom_01pants_woman.json",
		"dataset.category": 12,
		"dataset.type": 1,
		"dataset.width": 607,
		"dataset.height": 1080,
		"dataset.file_size": 68692
	},
	"annotation": [
		{
			"annotation_type": "Polygon",
			"annotation_id": 1,
			"annotation_point_count": 80.0,
			"annotation_point": [
				456.45962769226753,
				319.09709069865494,
				449.28324247768796,
				321.0542866662672,
				444.39025255865636,
				323.3376819618152,
				438.8448639837552,
				325.29487792942746,
				432.97327608091655,
				326.9258745691059,
				426.44928952220835,
				328.88307053671815,
				419.59910363556446,
				329.5354691925895,
				413.07511707685444,
				330.51406717639475,
				404.92013387846964,
				331.4926651602018,
				394.48175538453506,
				333.4498611278141,
				390.2411641213748,
				334.7546584395568,
				386.00057285821276,
				335.08085776749067,
				380.4551842833116,
				337.03805373510477,
				375.8883936922157,
				338.3428510468457,
				370.6692044452484,
				340.30004701445796,
				362.84042057479746,
				342.9096416379416,
				360.5570252792495,
				343.56204029381297,
				354.35923804847516,
				345.51923626142525,
				348.813849473574,
				346.824033573168,
				344.57325821041195,
				348.78122954078026,
				338.7016703075751,
				351.3908241642639,
				334.1348797164792,
				351.3908241642639,
				327.2846938298353,
				351.3908241642639,
				320.4345079431896,
				351.3908241642639,
				313.9105213844814,
				351.3908241642639,
				308.6913321375141,
				351.3908241642639,
				301.51494692293454,
				350.73842550839254,
				295.6433590200977,
				350.41222618045686,
				289.77177111725905,
				350.41222618045686,
				281.9429872468081,
				349.7598275245855,
				278.35479463951924,
				348.78122954078026,
				271.8308080808092,
				347.8026315569732,
				267.2640174897133,
				347.15023290110184,
				261.7186289148103,
				346.824033573168,
				256.17324033990917,
				346.1716349172966,
				251.28025042087756,
				344.8668376055539,
				246.38726050184596,
				343.88823962174865,
				239.86327394313594,
				342.9096416379416,
				234.64408469617047,
				341.278644998265,
				228.12009813746045,
				339.6476483585884,
				223.55330754636452,
				338.99524970271705,
				218.66031762733292,
				338.01665171891,
				212.78872972449608,
				336.7118544071691,
				206.91714182165742,
				335.73325642336204,
				202.02415190262582,
				334.4284591116211,
				196.80496265565853,
				333.77606045574976,
				192.2381720645626,
				332.7974624719427,
				185.7141855058544,
				331.8188644881375,
				181.47359424269234,
				331.1664658322661,
				174.94960768398414,
				328.88307053671815,
				169.40421910908117,
				327.25207389704156,
				164.83742851798524,
				325.62107725736314,
				155.37764800785772,
				323.66388128975086,
				150.810546875,
				323.990234375,
				126.0,
				380.0,
				114.0,
				425.0,
				114.0,
				433.0,
				108.0,
				447.0,
				90.0,
				560.0,
				78.5,
				604.2000000000007,
				84.90000000000146,
				609.6000000000004,
				279.0,
				684.0,
				292.60000000000036,
				687.7000000000007,
				308.7000000000007,
				656.8000000000011,
				303.0,
				638.0,
				308.0,
				623.0,
				311.0,
				621.0,
				328.0,
				633.0,
				332.0,
				653.0,
				346.0,
				673.0,
				350.0,
				675.0,
				363.60000000000036,
				676.8000000000011,
				454.0,
				627.0,
				561.0,
				582.0,
				561.0,
				573.0,
				549.0,
				545.0,
				544.0,
				524.0,
				513.0,
				434.0,
				490.0,
				385.0,
				462.0,
				334.0
			]
		}
	],
	"metadata.model": {
		"metadata.model.gender": "FEMALE",
		"metadata.model.age": "40대",
		"metadata.model.job": "homemaker",
		"metadata.model.type": "front",
		"metadata.model.usually_size": "M",
		"metadata.model.body_height": "160",
		"metadata.model.waist_height": "94",
		"metadata.model.chest_size_male": "null",
		"metadata.model.breast_size_female": "90.0",
		"metadata.model.waist_size": "79",
		"metadata.model.hip_seize": "94",
		"metadata.model.back_length": "47",
		"metadata.model.shoulders_width": "41",
		"metadata.model.arm_length": "56",
		"metadata.model.weight": "56"
	},
	"metadata.clothes": {
		"metadata.clothes.type": "04bottom_01pants",
		"metadata.clothes.season": "winter",
		"metadata.clothes.fiber_composition": "Nylon,synthetic fiber Others",
		"metadata.clothes.elasticity": "none",
		"metadata.clothes.transparency": "none at all",
		"metadata.clothes.isfleece": "fleece_none",
		"metadata.clothes.color": "Black",
		"metadata.clothes.washing_method": "Do Not Washing",
		"metadata.clothes.bleach": "Do not chlorine bleach",
		"metadata.clothes.ironing": "Ironing 80~120℃ : Place a cloth between the iron and textile",
		"metadata.clothes.drycleaning": "DRYCLEAN",
		"metadata.clothes.wringing": "none",
		"metadata.clothes.drying": "none",
		"metadata.clothes.top_length_type": "short",
		"metadata.clothes.sleeve_length_type": "null",
		"metadata.clothes.topneck_color_design": "null",
		"metadata.clothes.topsleeve_design": "null",
		"metadata.clothes.pants_silhouette": "normal",
		"metadata.clothes.skirt_design": "null",
		"metadata.top.front_length": "null",
		"metadata.top.chest_size": "null",
		"metadata.top.waist_size": "null",
		"metadata.top.hem_size": "null",
		"metadata.top.shoulder_width": "null",
		"metadata.top.sleeve_length": "null",
		"metadata.top.sleeve_cuff_size": "null",
		"metadata.pants.pants_length": "28.0",
		"metadata.pants.waist_size": "72.0",
		"metadata.pants.hip_size": "98.0",
		"metadata.pants.front_rise_length": "24.0",
		"metadata.pants.back_rise_length": "29.0",
		"metadata.pants.inner_seam_length": "14.0",
		"metadata.pants.pants_waist_size": "56.0",
		"metadata.skirt.length": "null",
		"metadata.skirt.waist_size": "null",
		"metadata.skirt.hip_size": "null",
		"metadata.skirt.hem_size": "null",
		"metadata.dress.front_length": "null",
		"metadata.dress.chest_size": "null",
		"metadata.dress.waist_size": "null",
		"metadata.dress.hip_size": "null",
		"metadata.dress.hem_size": "null",
		"metadata.dress.shoulder_width": "null",
		"metadata.dress.sleeve_length": "null",
		"metadata.dress.cuff_size": "null",
		"metadata.jumpsuit.front_length": "null",
		"metadata.jumpsuit.inner_seam_length": "null",
		"metadata.jumpsuit.chest_size": "null",
		"metadata.jumpsuit.waist_size": "null",
		"metadata.jumpsuit.hip_size": "null",
		"metadata.jumpsuit.shoulder_width": "null",
		"metadata.jumpsuit.sleeve_length": "null",
		"metadata.jumpsuit.cuffs_size": "null",
		"metadata.jumpsuit.front_rise_length": "null",
		"metadata.jumpsuit.back_rise_length": "null",
		"metadata.jumpsuit.pants_waist_size": "null"
	}
}