{
	"dataset": {
		"dataset.id": 1016,
		"dataset.name": "01_sou_000204_001016_front_01outer_04cardigan_woman",
		"dataset.image_path": "./008.의류 통합 데이터(3-1)/원천데이터/상품/상의/cardigan/01_sou_000204_001016_front_01outer_04cardigan_woman.jpg",
		"dataset.label_path": "./008.의류 통합 데이터(3-1)/라벨링데이터/상품/상의/cardigan/01_sou_000204_001016_front_01outer_04cardigan_woman.json",
		"dataset.category": 4,
		"dataset.type": 1,
		"dataset.width": 608,
		"dataset.height": 1080,
		"dataset.file_size": 75927
	},
	"annotation": [
		{
			"annotation_type": "Polygon",
			"annotation_id": 1,
			"annotation_point_count": 69.0,
			"annotation_point": [
				321.0,
				276.0,
				314.2000000000007,
				276.8000000000011,
				309.2000000000007,
				286.10000000000036,
				297.8000000000011,
				289.0,
				274.3000000000011,
				288.0,
				259.0,
				278.0,
				250.20000000000073,
				281.60000000000036,
				235.0,
				286.0,
				207.8000000000011,
				291.2000000000007,
				188.89999999999964,
				306.3000000000011,
				175.6319999999996,
				315.3062399999999,
				151.26720000000023,
				331.3766400000004,
				136.9248046875,
				337.943359375,
				120.0,
				347.0,
				68.0,
				366.3000000000011,
				46.399999999999636,
				376.3000000000011,
				34.5,
				383.5,
				25.123199999999997,
				390.64703999999983,
				16.13760000000002,
				397.90464000000065,
				7.8427734375,
				400.1513671875,
				7.8427734375,
				400.1513671875,
				18.0,
				419.0,
				25.641600000000835,
				441.27743999999984,
				26.899999999999636,
				445.60000000000036,
				52.9443359375,
				444.90625,
				102.80000000000109,
				448.0,
				129.0,
				442.0,
				142.0,
				437.0,
				155.0,
				437.0,
				169.0,
				439.0,
				175.89999999999964,
				439.0,
				173.8000000000011,
				459.5,
				173.3000000000011,
				479.0,
				173.94677675597632,
				491.50300907275596,
				173.09922559212282,
				523.4980655082218,
				206.0,
				528.0,
				267.0,
				527.0,
				290.5,
				533.8000000000011,
				301.89999999999964,
				533.9000000000015,
				318.0,
				530.0,
				333.0,
				531.0,
				359.0,
				529.0,
				393.0,
				521.0,
				420.0,
				519.0,
				431.0,
				515.0,
				433.0,
				477.0,
				429.0,
				448.0,
				425.3000000000011,
				435.7000000000007,
				424.2000000000007,
				427.8000000000011,
				426.8000000000011,
				423.0,
				441.8232421875,
				423.94921875,
				444.10444799999823,
				423.32697599999847,
				449.9105279999985,
				435.7685759999986,
				457.0,
				440.0,
				503.0,
				449.0,
				538.9000000000015,
				449.0,
				557.8284981656598,
				457.59870630602745,
				562.3000000000011,
				455.60000000000036,
				564.4000000000015,
				446.60000000000036,
				568.8643206116685,
				436.5080234092111,
				578.9189453125,
				419.4638671875,
				579.3000000000011,
				414.7000000000007,
				562.3000000000011,
				401.40000000000146,
				557.0,
				394.0,
				544.0,
				384.0,
				494.2000000000007,
				353.8000000000011,
				397.0,
				301.0,
				359.0,
				285.0,
				342.0,
				284.0
			]
		}
	],
	"metadata.model": {
		"metadata.model.gender": "FEMALE",
		"metadata.model.age": "40대",
		"metadata.model.job": "not employed",
		"metadata.model.type": "front",
		"metadata.model.usually_size": "M",
		"metadata.model.body_height": "163",
		"metadata.model.waist_height": "100",
		"metadata.model.chest_size_male": "null",
		"metadata.model.breast_size_female": "87.0",
		"metadata.model.waist_size": "78",
		"metadata.model.hip_seize": "94",
		"metadata.model.back_length": "39",
		"metadata.model.shoulders_width": "41",
		"metadata.model.arm_length": "52",
		"metadata.model.weight": "68"
	},
	"metadata.clothes": {
		"metadata.clothes.type": "01outer_04cardigan",
		"metadata.clothes.season": "winter",
		"metadata.clothes.fiber_composition": "Wool",
		"metadata.clothes.elasticity": "contain",
		"metadata.clothes.transparency": "none at all",
		"metadata.clothes.isfleece": "fleece_none",
		"metadata.clothes.color": "Red",
		"metadata.clothes.washing_method": "none",
		"metadata.clothes.bleach": "none",
		"metadata.clothes.ironing": "none",
		"metadata.clothes.drycleaning": "none",
		"metadata.clothes.wringing": "none",
		"metadata.clothes.drying": "none",
		"metadata.clothes.top_length_type": "crop",
		"metadata.clothes.sleeve_length_type": "long sleeves",
		"metadata.clothes.topneck_color_design": "V-neck",
		"metadata.clothes.topsleeve_design": "ribbed sleeve",
		"metadata.clothes.pants_silhouette": "null",
		"metadata.clothes.skirt_design": "null",
		"metadata.top.front_length": "54.0",
		"metadata.top.chest_size": "112.0",
		"metadata.top.waist_size": "116.0",
		"metadata.top.hem_size": "116.0",
		"metadata.top.shoulder_width": "40.0",
		"metadata.top.sleeve_length": "49.0",
		"metadata.top.sleeve_cuff_size": "24.0",
		"metadata.pants.pants_length": "null",
		"metadata.pants.waist_size": "null",
		"metadata.pants.hip_size": "null",
		"metadata.pants.front_rise_length": "null",
		"metadata.pants.back_rise_length": "null",
		"metadata.pants.inner_seam_length": "null",
		"metadata.pants.pants_waist_size": "null",
		"metadata.skirt.length": "null",
		"metadata.skirt.waist_size": "null",
		"metadata.skirt.hip_size": "null",
		"metadata.skirt.hem_size": "null",
		"metadata.dress.front_length": "null",
		"metadata.dress.chest_size": "null",
		"metadata.dress.waist_size": "null",
		"metadata.dress.hip_size": "null",
		"metadata.dress.hem_size": "null",
		"metadata.dress.shoulder_width": "null",
		"metadata.dress.sleeve_length": "null",
		"metadata.dress.cuff_size": "null",
		"metadata.jumpsuit.front_length": "null",
		"metadata.jumpsuit.inner_seam_length": "null",
		"metadata.jumpsuit.chest_size": "null",
		"metadata.jumpsuit.waist_size": "null",
		"metadata.jumpsuit.hip_size": "null",
		"metadata.jumpsuit.shoulder_width": "null",
		"metadata.jumpsuit.sleeve_length": "null",
		"metadata.jumpsuit.cuffs_size": "null",
		"metadata.jumpsuit.front_rise_length": "null",
		"metadata.jumpsuit.back_rise_length": "null",
		"metadata.jumpsuit.pants_waist_size": "null"
	}
}