{
	"dataset": {
		"dataset.id": 1696,
		"dataset.name": "01_sou_000340_001696_front_02top_02t-shirt_woman",
		"dataset.image_path": "./008.의류 통합 데이터(3-1)/원천데이터/상품/상의/t-shirt/01_sou_000340_001696_front_02top_02t-shirt_woman.jpg",
		"dataset.label_path": "./008.의류 통합 데이터(3-1)/라벨링데이터/상품/상의/t-shirt/01_sou_000340_001696_front_02top_02t-shirt_woman.json",
		"dataset.category": 6,
		"dataset.type": 1,
		"dataset.width": 607,
		"dataset.height": 1080,
		"dataset.file_size": 68471
	},
	"annotation": [
		{
			"annotation_type": "Polygon",
			"annotation_id": 96,
			"annotation_point_count": 126.0,
			"annotation_point": [
				46.400000000001455,
				623.0,
				58.0,
				633.0,
				70.0,
				638.0,
				77.0,
				631.0,
				81.30000000000109,
				621.0,
				90.6015625,
				617.720703125,
				99.43965246354855,
				611.8281014328822,
				116.13302853192545,
				592.1888354700859,
				138.71818438913942,
				561.7479732277534,
				144.60996417797833,
				555.3652117898455,
				149.5197806686774,
				545.5455788084473,
				156.39352375565613,
				539.6537990196084,
				166.2131567370543,
				529.3431843891412,
				173.57788147310202,
				521.4874780040227,
				170.14100992961176,
				536.2169274761181,
				170.14100992961176,
				572.0585878582206,
				173.57788147310202,
				598.0806152589248,
				176.52377136752148,
				626.0665692559087,
				179.46966126194093,
				648.6517251131227,
				182.90653280542938,
				653.0705599547509,
				185.85242269984883,
				666.3270644796394,
				187.32536764705765,
				678.1106240573135,
				216.78426659125216,
				673.6917892156853,
				251.15298202614395,
				672.2188442684746,
				281.10286261940564,
				669.763936023126,
				315.4715780542974,
				667.8000094268464,
				350.33127513826,
				668.290991075919,
				379.2991924333837,
				668.290991075919,
				394.02864190547916,
				668.290991075919,
				410.72201797385605,
				667.3090277777774,
				413.1769262192047,
				661.9082296380075,
				413.6679078682755,
				648.1607434640537,
				415.63183446455514,
				641.7779820261421,
				420.5416509552542,
				632.9403123428856,
				424.9604857968825,
				612.8100647310202,
				426.4334307440913,
				593.1707987682239,
				425.9424490950223,
				571.0766245600789,
				425.9424490950223,
				546.5275421065853,
				422.99655920060286,
				527.8702394419306,
				420.10000000000036,
				514.6000000000022,
				505.0,
				601.0,
				514.810546875,
				607.41015625,
				524.6297605580694,
				615.2649729763689,
				528.5576137506287,
				616.2469362745105,
				539.4000000000015,
				626.0,
				545.2509898190037,
				633.9222756410236,
				561.9443658873788,
				622.1387160633494,
				582.5655951483168,
				609.8641748366026,
				586.4934483408761,
				604.9543583459017,
				577.1647970085469,
				587.7700006284576,
				575.6918520613362,
				583.3511657868257,
				576.6738153594779,
				578.4413492961285,
				570.1000000000004,
				560.3000000000011,
				552.0,
				532.0,
				489.7700634741068,
				443.9123774509808,
				482.89632038712807,
				434.0927444695826,
				462.7482351095605,
				408.83230380182795,
				455.66893740633896,
				402.3193499148638,
				452.270874508793,
				399.487630833577,
				448.58963970311925,
				396.93908366041614,
				445.19157680557146,
				393.82419267099976,
				442.0766858161551,
				390.99247358971115,
				438.3954510104795,
				387.87758260029295,
				434.99738811293355,
				385.04586351900434,
				431.316153307258,
				381.6478006214584,
				427.918090409712,
				379.3824253564271,
				424.2368556040383,
				376.5507062751403,
				419.98927698210537,
				374.2853310101091,
				416.3080421764298,
				372.0199557450778,
				412.62680737075425,
				369.75458048004657,
				408.9455725650805,
				367.7723771231449,
				405.26433775940495,
				365.50700185811365,
				401.2999310456016,
				363.2416265930842,
				397.0523524236687,
				361.25942323618256,
				392.8047738017358,
				359.84356369553825,
				388.2740232716733,
				358.14453224676436,
				384.02644464974037,
				357.01184461424964,
				379.4956941196797,
				355.8791569817331,
				374.9649435896172,
				354.7464693492184,
				370.4341930595565,
				353.3306098085741,
				366.1866144376236,
				352.19792217605936,
				347.7802734375,
				347.1005859375,
				330.6923828125,
				342.7705078125,
				323.8182660884868,
				337.86034125188417,
				315.4715780542974,
				338.842304550024,
				304.17900012569044,
				340.8062311463036,
				293.90000000000146,
				341.60000000000036,
				275.2109375,
				341.7880859375,
				262.44555995475093,
				340.8062311463036,
				254.5898535696324,
				336.38739630467535,
				244.77022058823422,
				343.26113939165407,
				241.33334904474577,
				344.7340843388629,
				234.22850524958085,
				349.08303118664116,
				227.99872327074627,
				351.9147502679298,
				224.3174884650707,
				353.3306098085741,
				220.0699098431378,
				354.7464693492184,
				215.25598740494752,
				356.1623288898627,
				211.85792450740155,
				357.578188430507,
				207.61034588546863,
				359.2772198792791,
				203.36276726353572,
				360.97625132805297,
				199.3983605497324,
				362.67528277682686,
				195.43395383592906,
				364.09114231746935,
				191.18637521399614,
				365.79017376624324,
				186.93879659206323,
				367.7723771231449,
				182.6912179701303,
				369.75458048004657,
				179.00998316445475,
				372.0199557450778,
				174.76240454252184,
				374.2853310101091,
				170.7979978287185,
				376.26753436701074,
				166.5504192067856,
				378.532909632042,
				163.4355282173692,
				381.3646287133306,
				160.320637227951,
				384.479519702747,
				157.20574623853463,
				387.87758260029295,
				153.80768334098866,
				390.99247358971115,
				150.97596425970005,
				394.10736457912753,
				147.86107327028185,
				397.5054274766735,
				145.02935418899324,
				400.9034903742213,
				142.19763510770463,
				404.30155327176726,
				139.93225984267337,
				407.982788077441,
				133.1357421875,
				418.7431640625,
				102.0,
				463.10000000000036,
				75.38155165912576,
				507.73999183006526,
				43.70000000000073,
				565.3000000000011,
				37.08498303167471,
				590.7158905228753,
				37.08498303167471,
				596.1166886626452,
				33.64811148818444,
				608.391229889392,
				30.700000000000728,
				618.7000000000007
			]
		}
	],
	"metadata.model": {
		"metadata.model.gender": "FEMALE",
		"metadata.model.age": "40대",
		"metadata.model.job": "homemaker",
		"metadata.model.type": "front",
		"metadata.model.usually_size": "M",
		"metadata.model.body_height": "160",
		"metadata.model.waist_height": "94",
		"metadata.model.chest_size_male": "null",
		"metadata.model.breast_size_female": "90.0",
		"metadata.model.waist_size": "79",
		"metadata.model.hip_seize": "94",
		"metadata.model.back_length": "47",
		"metadata.model.shoulders_width": "41",
		"metadata.model.arm_length": "56",
		"metadata.model.weight": "56"
	},
	"metadata.clothes": {
		"metadata.clothes.type": "02top_02t-shirt",
		"metadata.clothes.season": "winter",
		"metadata.clothes.fiber_composition": "Cotton,Polyester,Polyurethane",
		"metadata.clothes.elasticity": "contain",
		"metadata.clothes.transparency": "none at all",
		"metadata.clothes.isfleece": "fleece_contain",
		"metadata.clothes.color": "Black",
		"metadata.clothes.washing_method": "Washing30",
		"metadata.clothes.bleach": "Do not chlorine bleach",
		"metadata.clothes.ironing": "Ironing 80~120℃ : Place a cloth between the iron and textile",
		"metadata.clothes.drycleaning": "none",
		"metadata.clothes.wringing": "none",
		"metadata.clothes.drying": "Drip dry in shade",
		"metadata.clothes.top_length_type": "normal",
		"metadata.clothes.sleeve_length_type": "long sleeves",
		"metadata.clothes.topneck_color_design": "round neck",
		"metadata.clothes.topsleeve_design": "ribbed sleeve",
		"metadata.clothes.pants_silhouette": "null",
		"metadata.clothes.skirt_design": "null",
		"metadata.top.front_length": "65.0",
		"metadata.top.chest_size": "108.0",
		"metadata.top.waist_size": "106.0",